"zakè (扎克)","Radiance","S/T","2020-12-17 07:33:19","zakè (扎克)","332"
"zakè (扎克)","Night Shineth as the Day","S/T","2020-12-17 07:38:52","zakè (扎克)","328"
"zakè (扎克)","Kasita","S/T","2020-12-17 07:44:20","zakè (扎克)","539"
"zakè (扎克)","Minaret","S/T","2020-12-17 07:53:20","zakè (扎克)","1200"
"Matthew Halsall","Harmony with Nature","Salute to the Sun","2020-12-17 12:35:49","Matthew Halsall","551"
"Matthew Halsall","Joyful Spirits of the Universe","Salute to the Sun","2020-12-17 12:45:01","Matthew Halsall","640"
"Matthew Halsall","Canopy & Stars","Salute to the Sun","2020-12-17 12:55:42","Matthew Halsall","471"
"Matthew Halsall","Mindfulness Meditations","Salute to the Sun","2020-12-17 13:03:34","Matthew Halsall","169"
"Matthew Halsall","Tropical Landscapes","Salute to the Sun","2020-12-17 13:06:23","Matthew Halsall","507"
"Matthew Halsall","Salute to the Sun","Salute to the Sun","2020-12-17 13:14:50","Matthew Halsall","661"
"Kairos 4tet","The 99 Part 1 [Great Scott]","Everything We Hold","2020-12-17 18:08:56","Kairos 4tet","232"
"Vulfpeck","Darwin Derby (feat. Theo Katzman & Antwaun Stanley)","Hill Climber","2020-12-17 18:09:26","Vulfpeck","195"
"Vulfpeck","Lonely Town (feat. Theo Katzman)","Hill Climber","2020-12-17 18:12:42","Vulfpeck","174"
"Vulfpeck","Love is a Beautiful Thing (feat. Theo Katzman & Monica Martin)","Hill Climber","2020-12-17 18:15:36","Vulfpeck","233"
"Vulfpeck","For Survival (feat. Mike Viola)","Hill Climber","2020-12-17 18:19:30","Vulfpeck","221"
"Vulfpeck","For Survival (feat. Mike Viola)","Hill Climber","2020-12-17 18:31:19","Vulfpeck","221"
"Vulfpeck","Soft Parade","Hill Climber","2020-12-17 18:33:31","Vulfpeck","156"
"Vulfpeck","Lost My Treble Long Ago","Hill Climber","2020-12-17 18:36:08","Vulfpeck","197"
"Vulfpeck","Disco Ulysses (Instrumental)","Hill Climber","2020-12-17 18:39:25","Vulfpeck","231"
"Vulfpeck","The Cup Stacker","Hill Climber","2020-12-17 18:43:16","Vulfpeck","221"
"Vulfpeck","It Gets Funkier IV (feat. Louis Cole)","Hill Climber","2020-12-17 18:46:58","Vulfpeck","196"
"Santana","Adouma","Shaman","2020-12-17 18:50:45","Santana","255"
"Santana","Nothing At All (Featuring Musiq)","Shaman","2020-12-17 18:55:03","Santana","268"
"Santana","The Game of Love (Featuring Michelle Branch)","Shaman","2020-12-17 18:59:32","Santana","254"
"Santana","You Are My Kind (Featuring Seal)","Shaman","2020-12-17 19:03:46","Santana","259"
"Santana","Amore (Sexo) (Featuring Macy Gray)","Shaman","2020-12-17 19:08:06","Santana","231"
"Santana","Foo Foo","Shaman","2020-12-17 19:11:58","Santana","389"
"Santana","Victory Is Won","Shaman","2020-12-17 19:18:27","Santana","320"
"Santana","Since Supernatural (Featuring Melkie Jean & Governor Washington)","Shaman","2020-12-17 19:23:47","Santana","272"
"Santana","America (Featuring P. O. D.)","Shaman","2020-12-17 19:28:19","Santana","275"
